{
  "Detroit": [
    [
      42.32971819999999,
      -83.0424533
    ]
  ],
  "Greenville": [
    [
      34.8484984,
      -82.40001579999999
    ]
  ],
  "Los Angeles - Redondo Beach": [
    [
      33.8491816,
      -118.3884078
    ]
  ],
  "Abakan": [
    [
      53.7175644,
      91.4293172
    ]
  ],
  "Belogorsk": [
    [
      50.920068,
      128.4799681
    ]
  ],
  "Chelyabinsk, \"Gorki\" Shopping Mall": [
    [
      55.1644419,
      61.4368431
    ]
  ],
  "Irkutsk": [
    [
      52.2854834,
      104.2890222
    ]
  ],
  "Kemerovo, Lenin Avenue 130/1": [
    [
      55.3443282,
      86.06208649999999
    ]
  ],
  "Kemerovo. 23B Dzerzhinsky Street": [
    [
      55.3443282,
      86.06208649999999
    ]
  ],
  "Khabarovsk": [
    [
      48.4814433,
      135.0720667
    ]
  ],
  "Kirovsk": [
    [
      67.6150871,
      33.6612163
    ]
  ],
  "Krasnoyarsk": [
    [
      56.01528339999999,
      92.8932476
    ]
  ],
  "Kyzyl": [
    [
      51.7150832,
      94.4574804
    ]
  ],
  "Moscow": [
    [
      55.7568721,
      37.6150527
    ]
  ],
  "Perm": [
    "Adresse introuvable ou timeout"
  ],
  "Pskov": [
    [
      57.8166994,
      28.3344734
    ]
  ],
  "Simferopol": [
    [
      44.952117,
      34.102417
    ]
  ],
  "St. Petersburg": [
    [
      59.9310584,
      30.3609097
    ]
  ],
  "Stavropol": [
    [
      45.0390116,
      41.9631954
    ]
  ],
  "Surgut": [
    [
      61.2545849,
      73.39616989999999
    ]
  ],
  "Tolyatti": [
    [
      53.508525,
      49.41821960000001
    ]
  ],
  "Ulan Ude": [
    [
      51.8335896,
      107.5840434
    ]
  ],
  "Ulyanovsk": [
    [
      54.3186575,
      48.397776
    ]
  ],
  "Volgograd, Park House": [
    "Adresse introuvable ou timeout"
  ],
  "Voronezh": [
    [
      51.6683487,
      39.19192880000001
    ]
  ],
  "Yaroslavl": [
    [
      57.62607440000001,
      39.8844708
    ]
  ],
  "Yekaterinburg": [
    [
      56.8430993,
      60.64540859999999
    ]
  ],
  "Leeds": [
    [
      53.8007554,
      -1.5490774
    ]
  ],
  "Lille": [
    [
      50.624378,
      3.0678588
    ]
  ],
  "Tarbes": [
    [
      43.23295100000001,
      0.078082
    ]
  ],
  "Zolder": [
    [
      51.0262329,
      5.267462
    ]
  ],
  "São Paulo": [
    [
      -23.5557714,
      -46.6395571
    ]
  ],
  "Vancouver": [
    [
      49.2827291,
      -123.1207375
    ]
  ],
  "Brisbane": [
    [
      -27.4704528,
      153.0260341
    ]
  ],
  "Muscat, Avenues Mall": [
    [
      23.5899204,
      58.4114216
    ]
  ],
  "Muscat, Mall of Oman": [
    [
      23.5732737,
      58.4052501
    ]
  ],
  "Muskat.A Salam St, Seeb": [
    [
      23.6611188,
      58.1047997
    ]
  ],
  "Dubai": [
    [
      25.2048493,
      55.2707828
    ]
  ],
  "Hebron": [
    [
      31.532569,
      35.09982600000001
    ]
  ],
  "Amman": [
    [
      31.9543786,
      35.9105776
    ]
  ],
  "Cape Town": [
    [
      -33.922087,
      18.4231418
    ]
  ]
}